{"cameraMode":{"drawMode":0,"name":"Shaded","section":"Shading Mode"},"sceneLighting":true,"audioPlay":false,"sceneViewState":{"showFog":true,"showMaterialUpdate":false,"showSkybox":true,"showFlares":true,"showImageEffects":true,"showParticleSystems":true},"in2DMode":false,"pivot":{"x":113.30000305175781,"y":302.70001220703127,"z":0.0},"rotation":{"x":-0.1241716593503952,"y":0.010712488554418087,"z":-0.0013405241770669819,"w":-0.9922046661376953},"size":519.8179931640625,"orthographic":false}